date,event,source
2017-01-01,tahun_baru,tetap
2017-05-27,awal_ramadan,resmi
2017-06-25,idulfitri,resmi
2017-09-01,iduladha,resmi
2017-12-25,natal,tetap
2018-01-01,tahun_baru,tetap
2018-05-17,awal_ramadan,resmi
2018-06-15,idulfitri,resmi
2018-08-22,iduladha,resmi
2018-12-25,natal,tetap
2019-01-01,tahun_baru,tetap
2019-05-06,awal_ramadan,resmi
2019-06-05,idulfitri,resmi
2019-08-11,iduladha,resmi
2019-12-25,natal,tetap
2020-01-01,tahun_baru,tetap
2020-04-24,awal_ramadan,resmi
2020-05-24,idulfitri,resmi
2020-07-31,iduladha,resmi
2020-12-25,natal,tetap
2021-01-01,tahun_baru,tetap
2021-04-13,awal_ramadan,resmi
2021-05-13,idulfitri,resmi
2021-07-20,iduladha,resmi
2021-12-25,natal,tetap
2022-01-01,tahun_baru,tetap
2022-04-03,awal_ramadan,resmi
2022-05-02,idulfitri,resmi
2022-07-10,iduladha,resmi
2022-12-25,natal,tetap
2023-01-01,tahun_baru,tetap
2023-03-23,awal_ramadan,resmi
2023-04-22,idulfitri,resmi
2023-06-29,iduladha,resmi
2023-12-25,natal,tetap
2024-01-01,tahun_baru,tetap
2024-03-12,awal_ramadan,resmi
2024-04-10,idulfitri,resmi
2024-06-17,iduladha,resmi
2024-12-25,natal,tetap
2025-01-01,tahun_baru,tetap
2025-03-01,awal_ramadan,resmi
2025-03-31,idulfitri,resmi
2025-06-06,iduladha,resmi
2025-12-25,natal,tetap
2026-01-01,tahun_baru,tetap
2026-02-19,awal_ramadan,resmi
2026-03-21,idulfitri,resmi
2026-05-27,iduladha,resmi
2026-12-25,natal,tetap
2027-01-01,tahun_baru,tetap
2027-02-08,awal_ramadan,estimasi-hijri
2027-03-09,idulfitri,estimasi-hijri
2027-05-16,iduladha,estimasi-hijri
2027-12-25,natal,tetap
2028-01-01,tahun_baru,tetap
2028-01-28,awal_ramadan,estimasi-hijri
2028-02-26,idulfitri,estimasi-hijri
2028-05-05,iduladha,estimasi-hijri
2028-12-25,natal,tetap
