province_id,province,city,lat,lon,island
1,Aceh,Banda Aceh,5.5483,95.3238,Sumatera
2,Sumatera Utara,Medan,3.5952,98.6722,Sumatera
3,Sumatera Barat,Padang,-0.9471,100.4172,Sumatera
4,Riau,Pekanbaru,0.5071,101.4478,Sumatera
5,Kepulauan Riau,Tanjung Pinang,0.9186,104.4665,Sumatera
6,Jambi,Jambi,-1.6101,103.6131,Sumatera
7,Bengkulu,Bengkulu,-3.7928,102.2608,Sumatera
8,Sumatera Selatan,Palembang,-2.9761,104.7754,Sumatera
9,Kepulauan Bangka Belitung,Pangkal Pinang,-2.1316,106.1169,Sumatera
10,Lampung,Bandar Lampung,-5.3971,105.2668,Sumatera
11,Banten,Serang,-6.1104,106.164,Jawa
12,Jawa Barat,Bandung,-6.9175,107.6191,Jawa
13,DKI Jakarta,Jakarta,-6.2088,106.8456,Jawa
14,Jawa Tengah,Semarang,-6.9667,110.4167,Jawa
15,DI Yogyakarta,Yogyakarta,-7.7956,110.3695,Jawa
16,Jawa Timur,Surabaya,-7.2575,112.7521,Jawa
17,Bali,Denpasar,-8.6705,115.2126,Bali-Nusa Tenggara
18,Nusa Tenggara Barat,Mataram,-8.5833,116.1167,Bali-Nusa Tenggara
19,Nusa Tenggara Timur,Kupang,-10.1772,123.607,Bali-Nusa Tenggara
20,Kalimantan Barat,Pontianak,-0.0263,109.3425,Kalimantan
21,Kalimantan Selatan,Banjarmasin,-3.3186,114.5944,Kalimantan
22,Kalimantan Tengah,Palangka Raya,-2.2161,113.9135,Kalimantan
23,Kalimantan Timur,Samarinda,-0.5022,117.1536,Kalimantan
24,Kalimantan Utara,Tanjung Selor,2.8375,117.3653,Kalimantan
25,Gorontalo,Gorontalo,0.5435,123.0568,Sulawesi
26,Sulawesi Selatan,Makassar,-5.1477,119.4327,Sulawesi
27,Sulawesi Tenggara,Kendari,-3.9985,122.513,Sulawesi
28,Sulawesi Tengah,Palu,-0.8917,119.8707,Sulawesi
29,Sulawesi Utara,Manado,1.4748,124.8421,Sulawesi
30,Sulawesi Barat,Mamuju,-2.6748,118.8885,Sulawesi
31,Maluku,Ambon,-3.6954,128.1814,Maluku
32,Maluku Utara,Ternate,0.7893,127.3842,Maluku
33,Papua,Jayapura,-2.5337,140.7181,Papua
34,Papua Barat,Manokwari,-0.8615,134.062,Papua
