kategori,3.0%,5.0%,7.5%,10.0%,15.0%,20.0%,30.0%
Beras,0.8446907337723424,0.3945707902163687,0.14316792097836312,0.06013052681091251,0.013171448730009406,0.004008701787394167,0.0005726716839134524
Gula Pasir,1.0173344031874274,0.5777246693597475,0.28296718499252943,0.160011205799347,0.08253209562282109,0.030317912677771012,0.008421642410491948
Daging Ayam,6.019789995019645,5.251736207182779,3.968277903823806,2.8903076752808365,1.3440941287145147,0.6434134801615847,0.16843284820983898
Daging Sapi,1.5271244904358732,0.8069464636962285,0.4251653410872601,0.21692109239145926,0.07635622452179365,0.034707374782633485,0.0034707374782633484
Telur Ayam,3.8941674506114765,2.856621105638869,1.862867301200819,1.3508314426429084,0.49856123070112324,0.16843284820983898,0.053898511427148466
Bawang Merah,4.4971570472027,4.30851225720768,3.9312226772176406,3.5303524984782246,2.6881882574290294,1.8022314758452767,0.7680537878368656
Bawang Putih,4.268088373637319,3.1160076918820208,2.118885230479774,1.5327389187095346,0.8556388689059818,0.5895149687344364,0.37392092302584246
Cabai Merah,6.003361314132715,6.038602648527389,5.978692380056444,5.716144438816122,5.118803820826398,4.368163398219842,2.951461755553947
Cabai Rawit,5.436107327894861,5.391661167352325,5.124984204097106,4.865145111694584,4.21212844526193,3.6086863425113376,2.5436879572036335
Minyak Goreng,1.4254421914439797,0.7790602907891917,0.4388592904445665,0.2596867635963972,0.14515242681370677,0.10432830677235173,0.06690619673444295
