fold,test_start,test_end,n_fit,n_val,n_test,pos_fit,pos_test,thr_naive,thr_seasonal,thr_logreg,lgbm_best_iter,thr_lgbm,seconds
0,2022-01-01,2022-03-31,576319,56178,41342,0.05825419723987579,0.06997726112604141,0.029764102771878242,0.07622736692428589,0.17292180216194805,175,0.2609562693140094,31.2
1,2022-04-01,2022-06-30,619414,54970,40978,0.057578615844249725,0.07794426381587982,0.02846246398985386,0.05727970600128174,0.1646798554885558,125,0.18150325682702662,26.6
2,2022-07-01,2022-09-30,661022,54065,44084,0.05826432257890701,0.036861445754766464,0.024358443915843964,0.021460050716996193,0.15376001964514616,254,0.1956376217231371,35.3
3,2022-10-01,2022-12-31,702998,55605,43524,0.059948962181806564,0.051488835364580154,0.03556682914495468,0.0447578988969326,0.12216447074607295,140,0.18885306782986255,30.0
4,2023-01-01,2023-03-31,745107,57014,42414,0.05956996604800224,0.061960674822330475,0.03448617458343506,0.08701137453317642,0.22567157363112073,242,0.33041579715515573,39.2
5,2023-04-01,2023-06-30,788361,56143,42996,0.05828548222780228,0.07177411764860153,0.03448617458343506,0.08036451041698456,0.17923011243086034,228,0.216618510698488,39.0
6,2023-07-01,2023-09-30,831185,56450,43026,0.058682482689619064,0.05689582973718643,0.03448617458343506,0.06414782255887985,0.21538728343077115,258,0.28920972353822055,43.3
7,2023-10-01,2023-12-31,874476,56191,41276,0.05917944014072418,0.0573698990046978,0.03255772218108177,0.06438791006803513,0.14249580498161155,231,0.24922177221882472,41.7
8,2024-01-01,2024-03-31,917581,54336,41882,0.05897136032581329,0.07547394931316376,0.04006699100136757,0.018282044678926468,0.1511608703540741,81,0.20580025662778006,31.2
9,2024-04-01,2024-06-30,959673,54609,42746,0.05955257639288902,0.058789126574993134,0.01897590234875679,0.06265705078840256,0.13738785636697318,314,0.2416913299391338,61.5
10,2024-07-01,2024-09-30,1001964,55166,44716,0.059358421713113785,0.02301189675927162,0.03991140052676201,0.06822408735752106,0.17580418464717687,340,0.2515826892254184,57.6
11,2024-10-01,2024-12-31,1043331,57738,43576,0.060120902955532074,0.05397466570138931,0.043831717222929,0.07104342430830002,0.17964081640809856,354,0.3059304306865324,58.1
12,2025-01-01,2025-03-31,1087160,58055,41457,0.059490785002708435,0.05574450641870499,0.03241465985774994,0.08450668305158615,0.3434301403372841,307,0.42052699462333043,61.2
13,2025-04-01,2025-06-30,1130853,55459,43384,0.05804821848869324,0.042803797870874405,0.039967261254787445,0.09202811121940613,0.2302837643190389,716,0.2543112605450681,87.7
14,2025-07-01,2025-09-30,1172698,56875,43796,0.05776252597570419,0.039295826107263565,0.0332256481051445,0.0923733189702034,0.19446590457843718,325,0.26535207935807315,60.6
15,2025-10-01,2025-12-31,1216188,57097,43619,0.05772709473967552,0.04463651031255722,0.028363758698105812,0.0643816739320755,0.13626650256218012,330,0.2159615250317986,60.9
16,2026-01-01,2026-03-31,1259895,57031,42287,0.057594481855630875,0.055336154997348785,0.02809891104698181,0.0404021181166172,0.1938703677828565,504,0.26599541551693257,81.7
17,2026-04-01,2026-06-30,1303220,56475,42961,0.05658138915896416,0.04874188080430031,0.03922071307897568,0.050867218524217606,0.18629332031702206,161,0.3170139968345194,51.3
18,2026-07-01,2026-09-11,1346124,56358,35469,0.05642050877213478,0.04234683886170387,0.03721359744668007,0.04557472839951515,0.1891023714209574,415,0.2812857806391884,79.0
