kategori,n,pos_rate,naive,seasonal,logreg,lgbm,lgbm / naive,kejadian,deteksi,median_lead
Cabai Merah,60395,0.25555095,0.426629333431088,0.25210109660623853,0.4892383417827042,0.600007113121776,1.40638973015833,1538,0.982444733420026,13.0
Cabai Rawit,62642,0.20930047,0.40295402553445214,0.2450138634204825,0.49274757475572195,0.5874344859201364,1.4578201201514274,1306,0.9716692189892803,11.0
Bawang Merah,37887,0.112466015,0.3569481425066797,0.1377746129574704,0.40272691477486733,0.4958234587739994,1.3890630030795603,425,0.9576470588235294,8.0
Daging Ayam,41011,0.03484431,0.20389320373286127,0.07214541655575174,0.23840370988512247,0.34781072079106323,1.7058475438286858,142,0.8943661971830986,7.0
Beras,239528,0.018745199,0.14544648918504577,0.02856763592411906,0.06358809902220225,0.2117502572975785,1.455863654626803,448,0.25223214285714285,6.0
Bawang Putih,41244,0.017457085,0.13769954714731764,0.020500278824938763,0.13497064001369877,0.20554532388062244,1.4927087861859132,72,0.75,5.0
Daging Sapi,80329,0.011328412,0.07636785846484305,0.052003107395243026,0.07506241603788459,0.18442987342797687,2.4150195793807887,90,0.4666666666666667,9.0
Minyak Goreng,119353,0.01694972,0.10584848146975713,0.019772637272079896,0.13254308119322744,0.16269751409403493,1.5370793405337668,203,0.4088669950738916,4.0
Gula Pasir,81716,0.0076117283,0.11306890448806144,0.007477678920511935,0.04534659300285677,0.09157701051845543,0.8099221526297244,59,0.4406779661016949,5.0
Telur Ayam,41428,0.0074828616,0.0853854231708822,0.008065286861272628,0.05263574443800475,0.07691861619234072,0.9008401356564478,30,0.6333333333333333,5.0
