feature,mean_abs_shap,group
vol_30,0.4482958241370788,harga
commodity_code,0.31199592762517847,identitas
vol_14,0.2981786935345929,harga
lead_ret_14_mean,0.218967204369665,pemimpin
province_code,0.20438668412632485,identitas
lead_ret_7_mean,0.17340437260679062,pemimpin
nbr_rel_price,0.14477683780641815,tetangga
ret_7,0.14213863649454536,harga
days_since_spike,0.1224553283801283,harga
rel_nat,0.12087568739703267,nasional
n_onsets_365,0.10967220179809552,harga
nat_ret_7,0.09749052224708207,nasional
category_code,0.08974931368169978,identitas
days_to_idulfitri,0.08823170444844843,kalender
ret_1,0.07946567930234688,harga
nat_ret_14,0.06611167714913149,nasional
nbr_ret_7_max,0.06501309086881904,tetangga
rel_365,0.06104032747356607,harga
dist_max_90,0.059913893152960085,harga
ret_3,0.058286192071520436,harga
ret_yoy,0.05610355796966029,harga
dist_min_90,0.05272253085428776,harga
ret_7_whole,0.050552857673064576,rantai_pasok
doy_sin,0.048309077729673335,kalender
gap_to_threshold,0.04811013877994379,harga
days_since_iduladha,0.04519369323071038,kalender
vol_7,0.042267250748210645,harga
ret_14_whole,0.04191469877443268,rantai_pasok
days_to_iduladha,0.04125347029392534,kalender
days_to_awal_ramadan,0.03850626977621731,kalender
z_30,0.03793273271026502,harga
rain_30_anom_lag30_sentra,0.03660786591953252,cuaca
days_since_idulfitri,0.03171092953056963,kalender
rain_7_anom_sentra,0.031125264676736052,cuaca
nat_ret_14_prod,0.026918822216079354,rantai_pasok
nat_margin_cons_prod,0.02682520240163304,rantai_pasok
seas_ret_14_ly,0.02657964774019628,harga
days_to_natal,0.0260648935669525,kalender
nat_spike_share,0.025704343920678975,nasional
nat_ret_14_modern,0.024824334177346086,rantai_pasok
nat_margin_cons_prod_chg14,0.024137246768835215,rantai_pasok
nbr_ret_14_mean,0.023406185161515755,tetangga
days_since_awal_ramadan,0.022251688249230534,kalender
rain_90_anom_sentra,0.02167335816636664,cuaca
doy_cos,0.021280772309388674,kalender
margin_cons_whole,0.01895554559621679,rantai_pasok
nbr_ret_7_mean,0.01781798791548781,tetangga
rain_30_anom_lag60,0.016001685244279664,cuaca
days_to_tahun_baru,0.01591802203467619,kalender
gap_modern,0.01562214261553625,rantai_pasok
rain_30_anom_sentra,0.014410972110646566,cuaca
rain_30_anom_lag60_sentra,0.013615648489864041,cuaca
lead_spike_share,0.013212845897543454,pemimpin
rain_30_anom,0.01187146021841813,cuaca
z_90,0.011703127375150231,harga
rain_90_anom,0.010236977185589696,cuaca
ret_14_prod,0.009328075960844751,rantai_pasok
margin_cons_prod,0.008743437620627594,rantai_pasok
rain_30_anom_lag30,0.008168827236583416,cuaca
margin_cons_whole_chg14,0.006941621906783057,rantai_pasok
margin_cons_prod_z90,0.006417783471761506,rantai_pasok
nat_ret_14_whole,0.005889633058781973,rantai_pasok
margin_whole_prod,0.005291813325339172,rantai_pasok
ret_28,0.004546745790773339,harga
rel_nat_chg14,0.004478757413941764,nasional
rain_7_anom,0.004419194166483859,cuaca
margin_cons_prod_chg14,0.004320365516223392,rantai_pasok
ret_14,0.003185049338425274,harga
r14_now,0.002969068427073134,harga
ret_14_modern,0.0028254047557371323,rantai_pasok
dow,0.002628300017596826,kalender
ret_7_modern,0.002177423261633719,rantai_pasok
ret_7_prev,0.001762869619681222,harga
nat_spike_share_chg7,0.0014069805211516953,nasional
ret_7_prod,0.0008601283034491684,rantai_pasok
is_nataru,0.0006628430395290905,kalender
nbr_spike_share,0.00015985858116490805,tetangga
is_ramadan,0.00015795631699439786,kalender
