ambang,presisi,FAR,deteksi kejadian,median lead,episode palsu/seri/thn,porsi hari beralarm
0.05,0.229277115173061,0.770722884826939,0.956874565267795,14.0,2.7282736222317436,0.19973979961094082
0.1,0.30688692850855015,0.6931130714914499,0.9248782749826107,14.0,2.1160473097367647,0.13256067721620343
0.15,0.36513100707810753,0.6348689929218925,0.8938094134013448,14.0,1.7703518731756958,0.09997107505217043
0.2,0.41239643582929497,0.587603564170705,0.8685369812195688,13.0,1.5187980762793563,0.07941325805398414
0.25,0.4566157171530029,0.543384282846997,0.8451194064456294,11.0,1.312481171169965,0.06432511144794813
0.3,0.4976160128404853,0.5023839871595147,0.8184558312079759,10.0,1.1147225969391854,0.0525937484870266
0.4,0.5771776635448208,0.4228223364551792,0.7593322513331787,8.0,0.7922569156200627,0.035258642414401395
0.5,0.6578989920767531,0.34210100792324694,0.67818223974032,7.0,0.5327560971935839,0.023031955239574294
0.6,0.7428622253846838,0.2571377746153162,0.575237653605379,6.0,0.3108508036981496,0.01395721838832177
